produto_id,qtd_vendas_mes,estoque_atual,dias_desde_ultima_venda,margem_real
P0001,20,19,1,0.07
P0002,7,33,8,0.16
P0003,21,99,34,0.04
P0004,13,9,1,0.08
P0005,7,69,38,0.12
P0006,6,96,41,0.16
P0007,13,33,28,0.1
P0008,25,5,10,0.07
P0009,10,40,9,0.09
P0010,24,48,6,0.04
P0011,3,50,22,0.22
P0012,25,10,29,0.06
P0013,29,53,5,0.06
P0014,26,85,39,0.08
P0015,11,78,12,0.11
P0016,1,89,14,0.23
P0017,2,34,6,0.21
P0018,14,86,23,0.09
P0019,11,31,42,0.09
P0020,29,92,41,0.04
P0021,20,26,34,0.07
P0022,5,64,24,0.14
P0023,29,86,44,0.06
P0024,21,46,3,0.05
P0025,1,45,25,0.2
P0026,6,77,45,0.14
P0027,20,68,25,0.08
P0028,20,63,9,0.05
P0029,7,100,35,0.15
P0030,23,79,27,0.08
P0031,12,51,14,0.12
P0032,4,70,31,0.19
P0033,1,19,9,0.22
P0034,25,92,27,0.06
P0035,12,53,38,0.12
P0036,16,37,35,0.11
P0037,0,92,7,0.0
P0038,21,73,17,0.07
P0039,10,19,18,0.1
P0040,14,5,16,0.12
P0041,24,27,32,0.08
P0042,27,85,19,0.07
P0043,16,82,12,0.09
P0044,24,25,34,0.08
P0045,29,72,0,0.06
P0046,15,7,7,0.12
P0047,28,44,15,0.04
P0048,28,77,5,0.04
P0049,15,13,34,0.11
P0050,4,89,30,0.25
P0051,5,38,33,0.17
P0052,13,32,34,0.11
P0053,22,30,45,0.05
P0054,21,88,23,0.06
P0055,16,62,7,0.09
P0056,2,48,1,0.22
P0057,7,80,14,0.12
P0058,22,85,3,0.05
P0059,28,9,21,0.04
P0060,7,40,42,0.15
P0061,17,21,36,0.1
P0062,7,65,26,0.13
P0063,3,89,27,0.2
P0064,13,64,3,0.11
P0065,20,17,3,0.06
P0066,10,18,15,0.09
P0067,17,62,8,0.1
P0068,8,64,15,0.17
P0069,2,61,35,0.19
P0070,20,74,0,0.08
P0071,29,35,10,0.06
P0072,15,32,25,0.12
P0073,5,53,0,0.18
P0074,8,63,18,0.15
P0075,30,98,35,0.07
P0076,15,24,12,0.09
P0077,30,12,37,0.07
P0078,1,100,20,0.18
P0079,18,66,32,0.12
P0080,16,25,3,0.12
P0081,2,28,4,0.22
P0082,21,35,25,0.04
P0083,28,77,15,0.06
P0084,1,84,5,0.21
P0085,18,77,33,0.09
P0086,8,31,42,0.16
P0087,7,38,25,0.13
P0088,20,43,29,0.05
P0089,24,14,0,0.06
P0090,18,17,4,0.1
P0091,16,38,8,0.12
P0092,28,13,15,0.05
P0093,5,61,34,0.16
P0094,19,88,33,0.08
P0095,26,75,19,0.08
P0096,3,22,16,0.19
P0097,3,100,35,0.19
P0098,9,82,13,0.16
P0099,6,92,40,0.17
P0100,16,67,16,0.12
P0101,27,11,5,0.07
P0102,26,40,2,0.04
P0103,24,21,40,0.08
P0104,5,99,28,0.15
P0105,13,76,0,0.08
P0106,30,93,9,0.06
P0107,26,52,37,0.06
P0108,13,21,2,0.09
P0109,28,10,22,0.05
P0110,7,90,6,0.14
P0111,17,57,39,0.11
P0112,29,35,10,0.08
P0113,25,27,26,0.04
P0114,23,47,26,0.07
P0115,27,99,15,0.05
P0116,25,94,6,0.06
P0117,1,65,14,0.19
P0118,29,63,22,0.05
P0119,25,34,14,0.04
P0120,6,56,21,0.14
P0121,2,40,22,0.22
P0122,12,91,34,0.09
P0123,0,19,16,0.0
P0124,5,79,16,0.12
P0125,19,60,22,0.11
P0126,10,60,38,0.12
P0127,3,54,36,0.19
P0128,1,95,27,0.18
P0129,29,73,43,0.07
P0130,23,99,42,0.05
P0131,13,13,42,0.12
P0132,19,45,42,0.11
P0133,23,43,32,0.05
P0134,13,46,25,0.11
P0135,17,21,12,0.1
P0136,30,53,43,0.07
P0137,5,83,36,0.14
P0138,17,5,19,0.09
P0139,13,79,38,0.11
P0140,14,61,28,0.11
P0141,16,65,10,0.11
P0142,9,70,42,0.16
P0143,10,16,15,0.11
P0144,7,30,9,0.12
P0145,7,65,39,0.17
P0146,2,63,26,0.24
P0147,18,29,45,0.11
P0148,15,56,15,0.09
P0149,22,5,6,0.07
P0150,7,27,44,0.15
P0151,1,76,15,0.24
P0152,3,63,8,0.24
P0153,21,72,35,0.06
P0154,30,61,39,0.07
P0155,28,69,27,0.07
P0156,17,62,10,0.11
P0157,15,62,16,0.11
P0158,26,86,17,0.07
P0159,16,67,40,0.09
P0160,14,14,45,0.09
P0161,8,47,20,0.17
P0162,2,22,9,0.2
P0163,22,24,45,0.05
P0164,13,57,21,0.1
P0165,13,12,13,0.11
P0166,12,79,44,0.08
P0167,28,78,24,0.06
P0168,30,50,19,0.07
P0169,27,58,34,0.07
P0170,17,82,14,0.1
P0171,8,60,31,0.12
P0172,10,90,43,0.11
P0173,23,26,29,0.08
P0174,19,73,1,0.12
P0175,18,77,42,0.08
P0176,20,59,8,0.07
P0177,5,11,16,0.14
P0178,6,63,20,0.14
P0179,28,53,17,0.07
P0180,26,58,16,0.07
P0181,15,7,34,0.08
P0182,30,49,14,0.07
P0183,24,88,2,0.07
P0184,30,36,12,0.07
P0185,19,24,15,0.09
P0186,21,19,36,0.08
P0187,14,94,16,0.11
P0188,5,82,38,0.18
P0189,22,19,10,0.08
P0190,3,79,1,0.25
P0191,18,91,24,0.1
P0192,22,30,4,0.06
P0193,26,85,15,0.04
P0194,24,43,43,0.06
P0195,3,77,2,0.2
P0196,13,89,23,0.08
P0197,20,48,0,0.07
P0198,26,67,6,0.06
P0199,11,86,29,0.11
P0200,13,27,33,0.12
P0201,8,83,34,0.17
P0202,14,60,37,0.09
P0203,27,36,5,0.05
P0204,14,36,29,0.1
P0205,21,53,21,0.04
P0206,27,46,11,0.06
P0207,11,38,21,0.09
P0208,19,94,17,0.1
P0209,16,29,5,0.09
P0210,13,67,35,0.11
P0211,22,65,41,0.07
P0212,14,7,5,0.09
P0213,12,93,15,0.09
P0214,18,52,30,0.1
P0215,11,59,35,0.09
P0216,22,63,17,0.05
P0217,7,20,12,0.14
P0218,23,73,44,0.05
P0219,6,99,30,0.14
P0220,18,72,38,0.09
P0221,3,29,18,0.2
P0222,5,43,0,0.16
P0223,4,40,2,0.25
P0224,17,42,44,0.12
P0225,20,67,6,0.07
P0226,18,41,30,0.1
P0227,10,28,3,0.09
P0228,27,66,7,0.07
P0229,12,67,4,0.1
P0230,21,11,9,0.05
P0231,18,43,5,0.12
P0232,3,76,26,0.22
P0233,25,84,14,0.07
P0234,12,62,28,0.09
P0235,18,59,19,0.1
P0236,1,83,6,0.25
P0237,6,85,13,0.14
P0238,2,25,15,0.19
P0239,2,25,0,0.21
P0240,22,81,30,0.05
P0241,7,41,45,0.14
P0242,27,63,4,0.07
P0243,29,38,40,0.06
P0244,25,30,27,0.04
P0245,7,87,9,0.17
P0246,26,23,4,0.04
P0247,25,44,38,0.07
P0248,18,41,28,0.08
P0249,22,43,44,0.06
P0250,8,69,34,0.15
P0251,2,81,2,0.24
P0252,23,46,38,0.05
P0253,2,34,43,0.24
P0254,18,80,1,0.12
P0255,21,39,36,0.04
P0256,24,27,30,0.06
P0257,14,40,11,0.12
P0258,13,86,31,0.12
P0259,15,49,26,0.09
P0260,21,18,10,0.05
P0261,22,68,18,0.07
P0262,12,75,2,0.1
P0263,10,37,20,0.08
P0264,24,56,32,0.07
P0265,0,89,34,0.0
P0266,14,57,3,0.09
P0267,11,84,31,0.11
P0268,24,11,13,0.05
P0269,4,41,28,0.24
P0270,15,20,1,0.12
P0271,19,35,45,0.09
P0272,17,6,35,0.1
P0273,7,19,29,0.18
P0274,20,24,31,0.08
P0275,9,70,45,0.14
P0276,26,66,30,0.05
P0277,17,23,24,0.09
P0278,19,70,8,0.11
P0279,8,58,21,0.18
P0280,16,39,0,0.09
P0281,9,80,37,0.18
P0282,15,24,28,0.1
P0283,11,47,35,0.11
P0284,12,63,20,0.11
P0285,22,35,36,0.06
P0286,27,57,2,0.05
P0287,15,95,24,0.1
P0288,21,88,9,0.06
P0289,1,21,32,0.25
P0290,10,17,28,0.08
P0291,29,63,0,0.07
P0292,13,88,9,0.08
P0293,25,38,21,0.06
P0294,12,88,5,0.11
P0295,27,91,34,0.06
P0296,10,85,45,0.12
P0297,15,74,2,0.1
P0298,7,85,43,0.18
P0299,7,100,5,0.15
P0300,3,86,45,0.24
P0301,14,26,44,0.09
P0302,0,10,20,0.0
P0303,25,12,18,0.05
P0304,13,23,15,0.1
P0305,18,92,11,0.09
P0306,2,83,24,0.22
P0307,7,68,37,0.13
P0308,14,86,16,0.1
P0309,21,6,29,0.08
P0310,21,74,10,0.04
P0311,30,49,37,0.05
P0312,30,59,44,0.05
P0313,27,43,12,0.08
P0314,27,66,6,0.05
P0315,18,50,36,0.09
P0316,22,42,1,0.08
P0317,21,55,17,0.04
P0318,27,92,3,0.08
P0319,23,68,18,0.07
P0320,7,82,22,0.13
P0321,6,84,16,0.16
P0322,23,89,43,0.07
P0323,20,17,40,0.07
P0324,9,61,2,0.15
P0325,23,21,5,0.08
P0326,10,100,26,0.09
P0327,4,74,23,0.22
P0328,29,39,10,0.05
P0329,26,66,18,0.07
P0330,10,19,29,0.12
P0331,4,33,43,0.23
P0332,12,76,23,0.08
P0333,12,6,16,0.1
P0334,14,52,43,0.11
P0335,8,79,24,0.17
P0336,30,52,6,0.07
P0337,15,8,39,0.12
P0338,17,46,39,0.09
P0339,2,86,29,0.24
P0340,9,88,26,0.13
P0341,1,9,19,0.25
P0342,3,17,15,0.24
P0343,4,54,29,0.21
P0344,30,100,44,0.08
P0345,13,80,9,0.12
P0346,20,17,31,0.06
P0347,30,40,2,0.07
P0348,6,61,28,0.18
P0349,27,51,6,0.08
P0350,11,74,41,0.09
P0351,12,40,12,0.12
P0352,30,63,5,0.07
P0353,20,86,38,0.08
P0354,1,47,15,0.25
P0355,25,77,13,0.04
P0356,24,75,13,0.06
P0357,26,34,21,0.07
P0358,25,81,0,0.05
P0359,4,21,34,0.2
P0360,5,19,42,0.17
P0361,4,6,22,0.24
P0362,7,80,20,0.12
P0363,8,11,8,0.16
P0364,16,19,4,0.1
P0365,24,51,32,0.06
P0366,14,69,14,0.12
P0367,1,98,42,0.22
P0368,14,87,1,0.08
P0369,15,56,27,0.11
P0370,15,96,28,0.08
P0371,2,46,38,0.19
P0372,4,40,39,0.22
P0373,17,96,20,0.1
P0374,19,72,18,0.1
P0375,19,60,6,0.11
P0376,3,88,41,0.24
P0377,17,97,13,0.1
P0378,28,34,26,0.05
P0379,14,56,26,0.11
P0380,10,59,20,0.11
P0381,11,24,43,0.12
P0382,2,16,5,0.19
P0383,3,100,23,0.24
P0384,17,12,37,0.12
P0385,17,47,42,0.08
P0386,11,90,27,0.11
P0387,23,11,18,0.06
P0388,11,18,36,0.1
P0389,4,89,30,0.2
P0390,3,49,35,0.21
P0391,24,40,36,0.05
P0392,13,76,39,0.1
P0393,20,76,1,0.06
P0394,21,93,17,0.04
P0395,8,94,19,0.18
P0396,11,5,11,0.11
P0397,18,89,25,0.08
P0398,23,86,1,0.04
P0399,16,32,24,0.1
P0400,10,25,23,0.09
P0401,10,77,38,0.08
P0402,1,24,10,0.23
P0403,1,91,5,0.2
P0404,21,59,31,0.06
P0405,13,39,13,0.11
P0406,3,49,27,0.19
P0407,21,91,37,0.06
P0408,21,44,2,0.05
P0409,19,12,0,0.09
P0410,30,32,8,0.07
P0411,9,46,7,0.12
P0412,23,60,11,0.05
P0413,17,95,14,0.1
P0414,26,90,22,0.04
P0415,27,99,2,0.06
P0416,14,14,20,0.1
P0417,18,56,45,0.11
P0418,9,19,25,0.12
P0419,10,26,39,0.1
P0420,22,51,5,0.06
P0421,3,36,27,0.22
P0422,16,15,25,0.11
P0423,23,48,14,0.05
P0424,5,14,32,0.16
P0425,16,70,12,0.12
P0426,11,49,41,0.11
P0427,7,18,9,0.14
P0428,5,82,9,0.17
P0429,20,14,11,0.08
P0430,20,68,29,0.07
P0431,24,79,28,0.07
P0432,28,77,41,0.07
P0433,19,46,40,0.09
P0434,14,13,30,0.1
P0435,9,40,37,0.12
P0436,16,14,19,0.1
P0437,1,12,23,0.24
P0438,2,87,5,0.22
P0439,16,54,29,0.1
P0440,30,99,2,0.06
P0441,25,78,41,0.05
P0442,19,65,32,0.09
P0443,1,62,6,0.24
P0444,26,48,45,0.04
P0445,20,27,2,0.05
P0446,14,61,33,0.1
P0447,5,51,23,0.18
P0448,12,57,21,0.11
P0449,1,85,41,0.2
P0450,10,17,35,0.11
P0451,9,37,42,0.18
P0452,19,24,21,0.08
P0453,21,23,22,0.05
P0454,20,94,42,0.06
P0455,19,95,5,0.09
P0456,12,87,21,0.11
P0457,21,94,43,0.08
P0458,2,87,42,0.21
P0459,11,7,23,0.09
P0460,30,32,21,0.08
P0461,15,29,14,0.12
P0462,4,14,18,0.24
P0463,3,69,34,0.24
P0464,28,72,2,0.07
P0465,28,84,8,0.06
P0466,4,25,11,0.24
P0467,24,84,10,0.07
P0468,1,57,23,0.23
P0469,7,61,39,0.14
P0470,23,62,14,0.06
P0471,9,65,12,0.14
P0472,30,78,28,0.06
P0473,9,53,32,0.15
P0474,30,25,12,0.07
P0475,4,37,3,0.22
P0476,27,52,35,0.08
P0477,22,71,7,0.05
P0478,24,25,17,0.06
P0479,16,23,27,0.08
P0480,29,33,28,0.08
P0481,29,8,26,0.04
P0482,16,52,15,0.1
P0483,2,52,14,0.18
P0484,29,17,45,0.07
P0485,25,23,8,0.04
P0486,29,65,44,0.07
P0487,24,95,30,0.06
P0488,0,15,1,0.0
P0489,8,32,9,0.15
P0490,23,82,33,0.06
P0491,24,41,15,0.05
P0492,1,35,26,0.22
P0493,19,63,4,0.08
P0494,28,68,38,0.06
P0495,20,70,36,0.05
P0496,4,42,27,0.18
P0497,11,35,36,0.1
P0498,21,90,5,0.06
P0499,11,13,33,0.1
P0500,25,69,35,0.04
P0501,27,65,2,0.07
P0502,11,37,1,0.09
P0503,2,49,15,0.23
P0504,20,18,37,0.07
P0505,10,22,2,0.09
P0506,10,87,11,0.11
P0507,21,64,44,0.06
P0508,5,22,4,0.16
P0509,30,63,2,0.05
P0510,1,30,2,0.2
P0511,9,70,25,0.18
P0512,17,65,16,0.08
P0513,20,29,18,0.05
P0514,24,11,41,0.05
P0515,3,52,27,0.24
P0516,23,61,24,0.05
P0517,5,68,44,0.15
P0518,29,71,17,0.07
P0519,23,59,5,0.06
P0520,26,28,34,0.05
P0521,3,15,20,0.23
P0522,9,62,38,0.16
P0523,5,93,28,0.14
P0524,1,98,22,0.22
P0525,13,40,40,0.12
P0526,30,12,4,0.07
P0527,12,51,32,0.11
P0528,21,25,1,0.05
P0529,19,91,28,0.08
P0530,2,35,41,0.21
P0531,12,77,2,0.1
P0532,21,62,23,0.05
P0533,24,14,36,0.05
P0534,11,55,20,0.11
P0535,7,19,1,0.16
P0536,15,71,24,0.12
P0537,3,38,16,0.23
P0538,6,83,18,0.16
P0539,15,30,7,0.09
P0540,2,62,11,0.24
P0541,14,16,43,0.12
P0542,10,90,22,0.11
P0543,17,74,18,0.12
P0544,27,25,45,0.07
P0545,22,86,11,0.07
P0546,16,33,7,0.12
P0547,25,22,15,0.07
P0548,0,51,35,0.0
P0549,18,52,29,0.11
P0550,17,21,39,0.12
P0551,2,44,25,0.25
P0552,23,66,33,0.06
P0553,13,78,4,0.09
P0554,10,87,4,0.1
P0555,21,71,22,0.05
P0556,26,75,40,0.06
P0557,24,21,27,0.06
P0558,27,12,7,0.06
P0559,9,26,10,0.14
P0560,22,33,22,0.08
P0561,16,41,5,0.09
P0562,20,75,17,0.05
P0563,9,83,34,0.13
P0564,20,26,37,0.08
P0565,4,26,42,0.22
P0566,28,82,21,0.07
P0567,18,10,1,0.08
P0568,30,87,36,0.05
P0569,6,78,26,0.16
P0570,0,68,40,0.0
P0571,17,42,41,0.12
P0572,15,36,43,0.1
P0573,14,14,44,0.08
P0574,14,58,30,0.1
P0575,10,82,9,0.09
P0576,22,45,22,0.08
P0577,4,52,32,0.22
P0578,10,35,29,0.08
P0579,14,36,9,0.08
P0580,9,54,39,0.15
P0581,30,25,20,0.08
P0582,23,45,12,0.07
P0583,15,70,29,0.1
P0584,9,68,1,0.13
P0585,12,69,29,0.12
P0586,6,79,22,0.12
P0587,9,68,38,0.17
P0588,20,91,30,0.05
P0589,0,18,27,0.0
P0590,4,38,23,0.23
P0591,11,10,25,0.08
P0592,17,29,23,0.1
P0593,2,54,32,0.21
P0594,17,40,39,0.11
P0595,3,21,6,0.21
P0596,25,48,35,0.08
P0597,24,23,12,0.06
P0598,12,69,2,0.08
P0599,4,96,21,0.24
P0600,16,63,9,0.1
P0601,16,22,20,0.12
P0602,10,25,25,0.12
P0603,23,43,37,0.05
P0604,26,70,34,0.06
P0605,18,43,30,0.11
P0606,11,47,43,0.08
P0607,13,79,19,0.11
P0608,23,93,40,0.04
P0609,15,38,41,0.11
P0610,24,79,36,0.05
P0611,1,79,30,0.19
P0612,20,97,39,0.07
P0613,12,23,43,0.09
P0614,18,94,7,0.09
P0615,14,45,26,0.09
P0616,22,31,26,0.06
P0617,19,65,3,0.11
P0618,16,31,35,0.09
P0619,21,66,33,0.06
P0620,30,27,29,0.08
P0621,10,74,22,0.11
P0622,27,97,43,0.07
P0623,22,38,39,0.06
P0624,30,36,17,0.06
P0625,7,43,18,0.16
P0626,22,95,31,0.05
P0627,11,76,17,0.09
P0628,18,91,34,0.1
P0629,12,49,9,0.09
P0630,9,96,5,0.14
P0631,14,88,16,0.11
P0632,6,30,34,0.14
P0633,17,94,17,0.09
P0634,19,99,37,0.09
P0635,1,90,33,0.2
P0636,7,11,6,0.14
P0637,22,65,6,0.07
P0638,4,5,35,0.25
P0639,5,57,41,0.18
P0640,28,65,30,0.07
P0641,24,41,20,0.05
P0642,1,16,41,0.22
P0643,17,99,2,0.12
P0644,5,58,11,0.18
P0645,1,55,31,0.19
P0646,23,42,2,0.04
P0647,18,82,6,0.12
P0648,10,41,29,0.12
P0649,17,72,31,0.12
P0650,4,69,29,0.2
P0651,25,19,21,0.05
P0652,14,87,16,0.11
P0653,0,99,21,0.0
P0654,25,42,36,0.07
P0655,6,27,39,0.17
P0656,28,56,27,0.06
P0657,2,56,42,0.19
P0658,4,66,20,0.25
P0659,0,38,24,0.0
P0660,7,62,17,0.18
P0661,9,79,36,0.12
P0662,20,51,44,0.05
P0663,21,20,29,0.05
P0664,12,92,32,0.12
P0665,28,95,19,0.07
P0666,20,42,23,0.06
P0667,7,22,30,0.13
P0668,23,82,23,0.06
P0669,17,65,34,0.11
P0670,26,32,15,0.07
P0671,19,15,33,0.1
P0672,22,51,4,0.08
P0673,3,12,35,0.24
P0674,6,78,34,0.13
P0675,10,71,28,0.08
P0676,6,96,37,0.15
P0677,28,70,28,0.07
P0678,14,21,32,0.1
P0679,18,12,35,0.1
P0680,25,44,1,0.06
P0681,26,5,13,0.06
P0682,1,59,22,0.23
P0683,17,12,4,0.12
P0684,15,9,18,0.1
P0685,24,22,41,0.08
P0686,20,58,23,0.08
P0687,12,62,24,0.1
P0688,21,89,34,0.05
P0689,27,49,7,0.05
P0690,17,55,33,0.09
P0691,7,5,1,0.18
P0692,14,91,34,0.1
P0693,12,34,15,0.1
P0694,4,40,12,0.25
P0695,23,19,2,0.07
P0696,13,83,1,0.09
P0697,2,17,38,0.18
P0698,19,91,45,0.11
P0699,7,99,2,0.14
P0700,7,74,13,0.17
P0701,24,12,8,0.06
P0702,9,34,36,0.14
P0703,19,91,20,0.09
P0704,28,23,42,0.06
P0705,13,43,17,0.08
P0706,30,80,11,0.07
P0707,13,76,31,0.08
P0708,11,87,42,0.1
P0709,16,45,44,0.1
P0710,4,43,24,0.19
P0711,17,65,15,0.11
P0712,9,95,9,0.17
P0713,29,12,35,0.06
P0714,13,76,33,0.09
P0715,7,37,13,0.14
P0716,2,62,23,0.19
P0717,23,29,3,0.05
P0718,21,82,38,0.04
P0719,2,29,37,0.23
P0720,17,32,30,0.09
P0721,29,47,19,0.08
P0722,0,32,12,0.0
P0723,30,99,7,0.07
P0724,24,66,15,0.07
P0725,22,31,25,0.08
P0726,17,46,18,0.1
P0727,17,88,22,0.09
P0728,11,70,31,0.1
P0729,25,97,30,0.07
P0730,10,31,23,0.09
P0731,1,77,14,0.23
P0732,0,38,35,0.0
P0733,29,79,37,0.07
P0734,9,24,12,0.14
P0735,12,77,15,0.1
P0736,20,92,21,0.05
P0737,26,67,41,0.07
P0738,14,26,22,0.09
P0739,23,74,31,0.05
P0740,28,74,41,0.08
P0741,16,9,4,0.12
P0742,21,11,0,0.06
P0743,26,85,14,0.04
P0744,4,6,13,0.22
P0745,11,12,39,0.11
P0746,29,83,30,0.07
P0747,0,5,34,0.0
P0748,17,57,0,0.08
P0749,23,40,34,0.08
P0750,0,69,44,0.0
P0751,21,60,11,0.04
P0752,3,72,9,0.2
P0753,19,72,16,0.11
P0754,8,55,5,0.14
P0755,12,63,36,0.09
P0756,22,33,19,0.07
P0757,27,15,41,0.08
P0758,20,9,5,0.06
P0759,12,75,30,0.08
P0760,0,94,10,0.0
P0761,2,68,27,0.23
P0762,10,77,6,0.12
P0763,29,10,14,0.05
P0764,27,93,36,0.06
P0765,1,14,43,0.24
P0766,28,74,36,0.07
P0767,5,45,1,0.18
P0768,18,23,45,0.11
P0769,29,14,19,0.05
P0770,7,77,24,0.16
P0771,17,47,24,0.11
P0772,4,93,5,0.22
P0773,11,11,6,0.1
P0774,26,14,21,0.06
P0775,19,81,25,0.12
P0776,10,8,40,0.09
P0777,14,67,14,0.09
P0778,30,53,27,0.05
P0779,18,89,24,0.08
P0780,19,42,15,0.11
P0781,2,39,9,0.21
P0782,25,86,9,0.07
P0783,10,51,6,0.08
P0784,30,44,28,0.05
P0785,8,18,8,0.13
P0786,13,62,35,0.1
P0787,13,18,1,0.08
P0788,17,16,38,0.1
P0789,10,54,0,0.09
P0790,12,15,35,0.12
P0791,7,78,33,0.13
P0792,12,26,8,0.09
P0793,8,68,9,0.12
P0794,13,40,26,0.09
P0795,25,14,23,0.05
P0796,7,97,40,0.15
P0797,19,30,29,0.08
P0798,9,5,25,0.14
P0799,19,53,21,0.1
P0800,13,88,38,0.09
P0801,10,82,44,0.09
P0802,10,27,25,0.12
P0803,9,99,44,0.16
P0804,30,78,15,0.05
P0805,8,55,23,0.13
P0806,18,30,37,0.12
P0807,5,92,35,0.12
P0808,23,64,45,0.05
P0809,25,42,44,0.04
P0810,27,57,43,0.06
P0811,20,43,15,0.05
P0812,4,96,27,0.24
P0813,2,62,38,0.21
P0814,12,73,32,0.12
P0815,27,93,26,0.06
P0816,25,51,44,0.08
P0817,17,81,40,0.12
P0818,3,36,42,0.23
P0819,5,87,39,0.12
P0820,20,91,41,0.06
P0821,24,47,27,0.04
P0822,3,38,14,0.22
P0823,16,76,37,0.11
P0824,7,62,23,0.14
P0825,24,91,37,0.07
P0826,4,49,1,0.21
P0827,9,58,5,0.13
P0828,30,98,9,0.05
P0829,10,63,13,0.1
P0830,11,65,6,0.1
P0831,22,62,20,0.04
P0832,1,95,7,0.18
P0833,10,87,6,0.11
P0834,5,99,15,0.15
P0835,17,25,21,0.1
P0836,30,64,14,0.07
P0837,20,28,11,0.07
P0838,13,55,1,0.11
P0839,28,30,28,0.06
P0840,12,5,45,0.09
P0841,8,95,4,0.15
P0842,25,73,11,0.05
P0843,6,63,7,0.14
P0844,27,67,33,0.08
P0845,10,81,24,0.1
P0846,18,19,22,0.09
P0847,14,84,11,0.11
P0848,22,43,39,0.06
P0849,21,22,20,0.04
P0850,9,19,11,0.14
P0851,4,70,24,0.21
P0852,4,78,24,0.21
P0853,15,86,34,0.11
P0854,20,27,35,0.05
P0855,9,22,11,0.14
P0856,14,84,3,0.11
P0857,30,6,31,0.05
P0858,26,54,35,0.06
P0859,15,57,43,0.1
P0860,22,61,31,0.05
P0861,18,8,14,0.09
P0862,8,33,34,0.14
P0863,24,63,36,0.07
P0864,24,68,35,0.06
P0865,18,19,17,0.11
P0866,26,51,34,0.07
P0867,1,97,28,0.22
P0868,13,18,41,0.11
P0869,9,9,28,0.14
P0870,27,16,28,0.07
P0871,3,35,13,0.24
P0872,18,93,22,0.11
P0873,19,85,27,0.09
P0874,4,31,13,0.24
P0875,18,49,34,0.09
P0876,17,26,20,0.12
P0877,9,42,36,0.14
P0878,27,70,43,0.07
P0879,4,57,3,0.25
P0880,27,88,8,0.07
P0881,4,36,9,0.23
P0882,26,36,43,0.06
P0883,4,78,40,0.2
P0884,13,53,28,0.08
P0885,25,16,25,0.06
P0886,8,93,23,0.15
P0887,15,46,37,0.08
P0888,24,98,5,0.07
P0889,14,86,42,0.11
P0890,27,13,34,0.06
P0891,30,59,13,0.06
P0892,10,41,21,0.1
P0893,4,77,31,0.24
P0894,28,92,3,0.04
P0895,20,63,1,0.04
P0896,27,25,28,0.06
P0897,30,59,12,0.08
P0898,29,21,41,0.05
P0899,27,40,5,0.07
P0900,8,15,23,0.16
P0901,20,26,3,0.06
P0902,9,97,44,0.17
P0903,13,88,5,0.11
P0904,0,32,30,0.0
P0905,2,21,37,0.2
P0906,21,61,0,0.04
P0907,10,20,27,0.11
P0908,15,14,14,0.1
P0909,23,18,6,0.05
P0910,28,43,8,0.06
P0911,26,22,41,0.08
P0912,4,13,33,0.22
P0913,19,88,10,0.1
P0914,23,32,40,0.07
P0915,29,57,39,0.07
P0916,27,32,5,0.08
P0917,4,20,37,0.23
P0918,11,59,20,0.11
P0919,7,40,41,0.13
P0920,17,81,38,0.11
P0921,9,93,1,0.17
P0922,21,43,13,0.06
P0923,16,29,25,0.09
P0924,1,35,31,0.21
P0925,7,68,40,0.16
P0926,16,6,23,0.12
P0927,4,54,36,0.21
P0928,17,92,11,0.11
P0929,30,14,1,0.06
P0930,0,38,13,0.0
P0931,1,12,25,0.22
P0932,20,96,32,0.07
P0933,13,94,25,0.08
P0934,17,73,39,0.09
P0935,2,44,5,0.22
P0936,6,24,34,0.14
P0937,18,86,41,0.11
P0938,2,44,44,0.21
P0939,30,35,3,0.05
P0940,29,60,7,0.06
P0941,19,12,19,0.11
P0942,21,99,11,0.04
P0943,22,22,44,0.04
P0944,15,49,33,0.1
P0945,26,97,16,0.05
P0946,4,100,17,0.23
P0947,3,8,21,0.24
P0948,8,72,4,0.14
P0949,18,85,4,0.1
P0950,16,51,3,0.1
P0951,18,26,23,0.09
P0952,24,18,36,0.07
P0953,3,34,32,0.18
P0954,27,6,15,0.04
P0955,11,54,9,0.09
P0956,30,9,35,0.07
P0957,22,99,41,0.06
P0958,10,36,26,0.12
P0959,10,39,4,0.1
P0960,3,69,43,0.24
P0961,5,33,33,0.18
P0962,30,56,4,0.08
P0963,27,41,19,0.05
P0964,17,63,0,0.09
P0965,9,77,19,0.16
P0966,7,64,23,0.16
P0967,15,30,34,0.11
P0968,7,24,0,0.18
P0969,0,34,34,0.0
P0970,11,86,44,0.12
P0971,30,47,0,0.07
P0972,12,99,19,0.08
P0973,16,35,26,0.1
P0974,1,23,45,0.2
P0975,1,34,33,0.21
P0976,28,52,29,0.08
P0977,2,79,6,0.22
P0978,20,55,4,0.06
P0979,1,60,42,0.25
P0980,7,42,16,0.17
P0981,29,55,44,0.07
P0982,10,45,28,0.09
P0983,2,30,8,0.23
P0984,18,18,9,0.08
P0985,14,64,20,0.1
P0986,17,50,13,0.1
P0987,14,38,7,0.08
P0988,25,92,19,0.07
P0989,22,82,2,0.05
P0990,27,46,9,0.04
P0991,7,50,25,0.15
P0992,21,43,16,0.07
P0993,5,8,25,0.17
P0994,17,100,35,0.09
P0995,14,18,8,0.08
P0996,1,33,8,0.19
P0997,12,52,43,0.11
P0998,20,15,37,0.06
P0999,29,14,1,0.08
P1000,6,87,28,0.17
PZ0001,21,16,5,0.07
PZ0002,3,22,73,0.23
PZ0003,25,64,3,0.05
PZ0004,27,23,45,0.05
PZ0005,11,36,35,0.09
PZ0006,9,5,78,0.1
PZ0007,15,83,37,0.09
PZ0008,35,62,7,0.04
PZ0009,24,18,53,0.05
PZ0010,33,32,80,0.07
PZ0011,34,102,2,0.07
PZ0012,22,62,69,0.06
PZ0013,22,117,72,0.06
PZ0014,24,35,23,0.04
PZ0015,14,4,35,0.07
PZ0016,30,68,45,0.06
PZ0017,14,21,12,0.08
PZ0018,15,35,68,0.11
PZ0019,3,98,28,0.25
PZ0020,24,46,22,0.05
PZ0021,20,104,89,0.05
PZ0022,1,91,89,0.23
PZ0023,9,73,24,0.11
PZ0024,31,70,39,0.05
PZ0025,2,12,7,0.22
PZ0026,14,3,67,0.09
PZ0027,21,118,78,0.05
PZ0028,8,44,22,0.18
PZ0029,20,8,2,0.04
PZ0030,9,100,14,0.11
PZ0031,23,10,47,0.06
PZ0032,25,76,12,0.05
PZ0033,20,18,20,0.06
PZ0034,27,102,81,0.07
PZ0035,20,23,90,0.07
PZ0036,22,29,85,0.06
PZ0037,11,49,39,0.11
PZ0038,18,17,22,0.11
PZ0039,25,109,72,0.04
PZ0040,20,118,78,0.05
PZ0041,6,120,63,0.13
PZ0042,4,31,44,0.18
PZ0043,10,82,11,0.11
PZ0044,21,58,1,0.05
PZ0045,15,89,8,0.09
PZ0046,6,93,0,0.12
PZ0047,28,94,53,0.07
PZ0048,26,64,48,0.05
PZ0049,24,13,61,0.06
PZ0050,14,21,57,0.07
PZ0051,2,38,2,0.23
PZ0052,6,10,43,0.13
PZ0053,24,21,9,0.06
PZ0054,5,44,76,0.18
PZ0055,30,91,3,0.05
PZ0056,10,78,55,0.08
PZ0057,6,43,26,0.18
PZ0058,26,90,70,0.06
PZ0059,34,34,84,0.05
PZ0060,15,13,6,0.09
PZ0061,35,108,62,0.04
PZ0062,23,1,54,0.04
PZ0063,30,26,12,0.04
PZ0064,10,82,37,0.12
PZ0065,30,109,14,0.05
PZ0066,25,61,62,0.07
PZ0067,16,12,82,0.1
PZ0068,11,48,48,0.09
PZ0069,28,6,33,0.05
PZ0070,16,29,34,0.1
PZ0071,9,97,89,0.1
PZ0072,5,86,44,0.17
PZ0073,26,97,75,0.05
PZ0074,3,108,49,0.27
PZ0075,26,69,87,0.07
PZ0076,30,74,30,0.05
PZ0077,5,51,4,0.15
PZ0078,33,103,73,0.06
PZ0079,9,16,57,0.08
PZ0080,10,28,24,0.08
PZ0081,27,11,87,0.05
PZ0082,9,107,76,0.08
PZ0083,4,12,49,0.15
PZ0084,35,42,35,0.06
PZ0085,0,101,89,0.0
PZ0086,33,101,53,0.04
PZ0087,9,19,72,0.1
PZ0088,6,119,13,0.15
PZ0089,6,101,36,0.17
PZ0090,22,113,52,0.05
PZ0091,31,74,77,0.05
PZ0092,11,36,51,0.08
PZ0093,25,5,50,0.07
PZ0094,21,89,30,0.04
PZ0095,30,118,34,0.07
PZ0096,1,44,38,0.22
PZ0097,31,110,89,0.06
PZ0098,14,18,38,0.12
PZ0099,28,100,41,0.05
PZ0100,26,78,82,0.04
PZ0101,28,28,52,0.06
PZ0102,33,112,47,0.06
PZ0103,32,102,20,0.04
PZ0104,32,52,17,0.06
PZ0105,33,113,72,0.04
PZ0106,12,113,25,0.11
PZ0107,15,5,58,0.07
PZ0108,23,91,25,0.05
PZ0109,29,65,50,0.06
PZ0110,7,88,3,0.13
PZ0111,31,77,57,0.05
PZ0112,30,76,70,0.05
PZ0113,10,108,33,0.11
PZ0114,5,37,3,0.14
PZ0115,10,110,73,0.11
PZ0116,13,110,28,0.1
PZ0117,13,35,83,0.09
PZ0118,1,111,87,0.2
PZ0119,8,83,22,0.16
PZ0120,0,29,32,0.0
PZ0121,19,92,90,0.06
PZ0122,27,115,48,0.07
PZ0123,29,33,27,0.05
PZ0124,33,106,79,0.05
PZ0125,6,1,65,0.18
PZ0126,23,72,82,0.06
PZ0127,18,39,87,0.08
PZ0128,4,44,35,0.16
PZ0129,17,34,83,0.11
PZ0130,19,25,19,0.06
PZ0131,15,116,7,0.11
PZ0132,25,85,40,0.06
PZ0133,1,84,63,0.28
PZ0134,16,117,53,0.09
PZ0135,2,75,90,0.28
PZ0136,12,44,28,0.1
PZ0137,30,117,85,0.05
PZ0138,19,109,21,0.07
PZ0139,35,24,37,0.04
PZ0140,8,95,33,0.16
PZ0141,35,98,23,0.07
PZ0142,21,84,11,0.05
PZ0143,14,96,39,0.09
PZ0144,21,48,33,0.06
PZ0145,29,109,15,0.05
PZ0146,4,61,24,0.15
PZ0147,24,68,38,0.05
PZ0148,9,18,25,0.09
PZ0149,29,19,40,0.07
PZ0150,11,100,10,0.09
PZ0151,11,41,81,0.07
PZ0152,28,36,26,0.06
PZ0153,10,74,20,0.09
PZ0154,5,17,78,0.15
PZ0155,27,52,54,0.07
PZ0156,24,1,4,0.06
PZ0157,23,2,41,0.06
PZ0158,33,25,2,0.06
PZ0159,15,29,88,0.11
PZ0160,19,17,13,0.05
PZ0161,19,22,8,0.06
PZ0162,19,38,58,0.06
PZ0163,33,44,55,0.07
PZ0164,8,44,62,0.14
PZ0165,12,22,51,0.07
PZ0166,14,94,16,0.08
PZ0167,1,76,64,0.21
PZ0168,23,92,83,0.06
PZ0169,24,113,81,0.05
PZ0170,34,80,6,0.06
PZ0171,3,85,13,0.25
PZ0172,1,7,88,0.21
PZ0173,28,49,15,0.06
PZ0174,30,90,19,0.05
PZ0175,0,39,53,0.0
PZ0176,6,85,66,0.14
PZ0177,8,54,13,0.15
PZ0178,7,37,14,0.17
PZ0179,31,26,77,0.05
PZ0180,16,107,66,0.12
PZ0181,22,91,52,0.05
PZ0182,2,71,63,0.27
PZ0183,30,43,30,0.04
PZ0184,5,117,14,0.17
PZ0185,31,20,11,0.06
PZ0186,4,93,12,0.17
PZ0187,14,59,37,0.08
PZ0188,3,13,22,0.27
PZ0189,18,47,86,0.09
PZ0190,7,13,5,0.12
PZ0191,8,85,82,0.13
PZ0192,22,115,56,0.07
PZ0193,17,113,11,0.09
PZ0194,21,24,14,0.05
PZ0195,29,35,49,0.06
PZ0196,30,103,53,0.06
PZ0197,10,15,16,0.1
PZ0198,3,109,20,0.21
PZ0199,30,103,72,0.06
PZ0200,11,79,48,0.11
PZ0201,1,111,87,0.27
PZ0202,8,62,62,0.13
PZ0203,26,57,5,0.04
PZ0204,20,2,90,0.07
PZ0205,33,99,73,0.06
PZ0206,14,86,43,0.1
PZ0207,6,56,84,0.16
PZ0208,30,45,84,0.06
PZ0209,24,20,71,0.07
PZ0210,3,2,82,0.27
PZ0211,32,109,60,0.07
PZ0212,10,10,62,0.09
PZ0213,21,36,6,0.06
PZ0214,35,83,48,0.05
PZ0215,15,11,58,0.09
PZ0216,28,12,63,0.05
PZ0217,7,64,83,0.12
PZ0218,25,53,4,0.06
PZ0219,0,106,11,0.0
PZ0220,19,114,65,0.06
PZ0221,29,44,46,0.06
PZ0222,14,109,58,0.09
PZ0223,30,92,84,0.05
PZ0224,28,15,12,0.06
PZ0225,14,1,43,0.09
PZ0226,18,71,66,0.09
PZ0227,6,6,21,0.15
PZ0228,26,14,32,0.06
PZ0229,12,16,50,0.08
PZ0230,12,92,43,0.08
PZ0231,26,6,81,0.07
PZ0232,7,99,57,0.15
PZ0233,32,18,63,0.04
PZ0234,3,71,55,0.27
PZ0235,30,119,65,0.06
PZ0236,11,89,74,0.08
PZ0237,8,14,49,0.16
PZ0238,20,65,49,0.05
PZ0239,15,36,50,0.12
PZ0240,18,58,17,0.08
PZ0241,32,39,89,0.06
PZ0242,20,92,70,0.06
PZ0243,12,27,79,0.11
PZ0244,22,118,86,0.04
PZ0245,11,65,69,0.1
PZ0246,20,91,14,0.06
PZ0247,35,62,74,0.06
PZ0248,26,87,68,0.05
PZ0249,27,104,1,0.06
PZ0250,1,49,18,0.2
PZ0251,3,26,34,0.26
PZ0252,10,37,87,0.08
PZ0253,3,89,37,0.22
PZ0254,34,5,45,0.06
PZ0255,6,79,86,0.16
PZ0256,14,96,82,0.1
PZ0257,15,66,89,0.08
PZ0258,3,119,48,0.23
PZ0259,20,71,6,0.04
PZ0260,16,26,79,0.11
PZ0261,28,107,28,0.07
PZ0262,23,97,75,0.06
PZ0263,12,100,24,0.08
PZ0264,11,88,9,0.08
PZ0265,11,95,65,0.08
PZ0266,2,55,35,0.24
PZ0267,8,21,74,0.17
PZ0268,0,43,59,0.0
PZ0269,9,6,19,0.12
PZ0270,3,100,80,0.25
PZ0271,19,63,73,0.06
PZ0272,4,101,90,0.14
PZ0273,14,24,66,0.07
PZ0274,32,21,53,0.06
PZ0275,25,12,44,0.05
PZ0276,13,85,42,0.09
PZ0277,18,28,79,0.1
PZ0278,35,106,83,0.04
PZ0279,22,58,30,0.07
PZ0280,15,6,87,0.11
PZ0281,24,118,14,0.05
PZ0282,34,93,36,0.04
PZ0283,33,106,47,0.06
PZ0284,32,58,62,0.04
PZ0285,12,42,65,0.07
PZ0286,6,22,68,0.15
PZ0287,4,27,85,0.16
PZ0288,13,111,87,0.09
PZ0289,6,27,68,0.17
PZ0290,27,83,9,0.06
PZ0291,9,4,58,0.11
PZ0292,2,12,9,0.2
PZ0293,16,72,9,0.1
PZ0294,14,117,33,0.09
PZ0295,28,81,51,0.05
PZ0296,1,50,86,0.21
PZ0297,0,83,79,0.0
PZ0298,4,97,74,0.12
PZ0299,4,46,64,0.13
PZ0300,19,78,11,0.05
PZ0301,28,49,50,0.06
PZ0302,1,61,20,0.24
PZ0303,8,96,50,0.17
PZ0304,34,38,81,0.04
PZ0305,23,2,70,0.07
PZ0306,9,16,5,0.07
PZ0307,25,69,70,0.07
PZ0308,19,27,44,0.05
PZ0309,32,19,20,0.05
PZ0310,16,25,14,0.08
PZ0311,3,109,70,0.24
PZ0312,35,10,37,0.06
PZ0313,16,13,25,0.11
PZ0314,31,43,45,0.04
PZ0315,15,13,36,0.1
PZ0316,12,41,62,0.09
PZ0317,19,89,74,0.04
PZ0318,23,104,40,0.07
PZ0319,10,1,40,0.08
PZ0320,14,92,82,0.09
PZ0321,23,18,86,0.06
PZ0322,30,60,57,0.05
PZ0323,19,63,70,0.04
PZ0324,5,108,35,0.17
PZ0325,8,115,68,0.13
PZ0326,4,94,9,0.17
PZ0327,32,81,3,0.06
PZ0328,25,99,75,0.05
PZ0329,2,71,33,0.24
PZ0330,34,61,83,0.06
PZ0331,23,51,28,0.07
PZ0332,18,18,59,0.1
PZ0333,5,51,46,0.15
PZ0334,15,109,78,0.1
PZ0335,32,18,57,0.04
PZ0336,9,95,61,0.12
PZ0337,2,29,62,0.22
PZ0338,16,48,29,0.07
PZ0339,13,67,46,0.09
PZ0340,29,113,5,0.04
PZ0341,20,14,90,0.07
PZ0342,17,107,33,0.1
PZ0343,11,49,83,0.09
PZ0344,4,67,32,0.14
PZ0345,14,67,51,0.09
PZ0346,22,63,61,0.07
PZ0347,0,65,17,0.0
PZ0348,28,22,29,0.04
PZ0349,17,28,19,0.08
PZ0350,23,78,15,0.06
PZ0351,26,104,42,0.06
PZ0352,30,87,61,0.05
PZ0353,10,83,52,0.07
PZ0354,2,17,73,0.25
PZ0355,8,81,65,0.12
PZ0356,9,8,21,0.08
PZ0357,11,67,51,0.1
PZ0358,1,113,84,0.27
PZ0359,5,28,57,0.16
PZ0360,30,112,61,0.05
PZ0361,26,77,18,0.06
PZ0362,11,80,84,0.1
PZ0363,10,93,87,0.09
PZ0364,29,77,75,0.04
PZ0365,24,50,16,0.04
PZ0366,12,67,64,0.1
PZ0367,9,78,12,0.08
PZ0368,2,113,68,0.24
PZ0369,7,12,61,0.16
PZ0370,34,106,0,0.07
PZ0371,27,67,53,0.05
PZ0372,2,90,67,0.23
PZ0373,30,102,48,0.05
PZ0374,6,55,17,0.14
PZ0375,14,117,10,0.08
PZ0376,34,53,32,0.05
PZ0377,0,74,66,0.0
PZ0378,7,67,0,0.14
PZ0379,13,89,40,0.09
PZ0380,6,20,54,0.16
PZ0381,16,34,68,0.09
PZ0382,23,79,35,0.07
PZ0383,25,97,26,0.05
PZ0384,35,62,22,0.05
PZ0385,35,62,32,0.07
PZ0386,22,100,90,0.05
PZ0387,8,110,84,0.13
PZ0388,14,58,89,0.12
PZ0389,6,28,65,0.14
PZ0390,21,103,70,0.06
PZ0391,3,21,49,0.28
PZ0392,0,103,11,0.0
PZ0393,9,61,76,0.09
PZ0394,4,34,28,0.14
PZ0395,2,93,49,0.27
PZ0396,25,79,83,0.06
PZ0397,3,100,22,0.25
PZ0398,28,2,25,0.07
PZ0399,33,37,24,0.04
PZ0400,32,67,89,0.05
PZ0401,10,87,4,0.09
PZ0402,0,21,11,0.0
PZ0403,17,100,51,0.09
PZ0404,25,52,75,0.05
PZ0405,0,95,90,0.0
PZ0406,4,118,11,0.15
PZ0407,35,118,74,0.05
PZ0408,17,29,77,0.12
PZ0409,29,120,51,0.06
PZ0410,16,23,52,0.1
PZ0411,35,10,64,0.05
PZ0412,7,103,65,0.18
PZ0413,34,105,73,0.05
PZ0414,28,49,72,0.05
PZ0415,15,97,43,0.12
PZ0416,29,88,58,0.07
PZ0417,1,62,14,0.22
PZ0418,24,82,28,0.06
PZ0419,14,103,40,0.09
PZ0420,22,67,68,0.04
PZ0421,16,32,36,0.07
PZ0422,21,10,70,0.07
PZ0423,30,41,45,0.05
PZ0424,17,24,87,0.12
PZ0425,12,64,25,0.08
PZ0426,15,112,33,0.08
PZ0427,12,107,31,0.11
PZ0428,22,20,13,0.04
PZ0429,5,87,84,0.15
PZ0430,0,98,69,0.0
PZ0431,2,109,61,0.23
PZ0432,20,64,73,0.07
PZ0433,31,24,65,0.05
PZ0434,14,97,73,0.08
PZ0435,33,103,54,0.05
PZ0436,34,5,64,0.05
PZ0437,11,59,15,0.1
PZ0438,29,41,88,0.04
PZ0439,13,49,74,0.08
PZ0440,23,79,33,0.05
PZ0441,16,31,34,0.09
PZ0442,21,47,23,0.05
PZ0443,13,54,89,0.11
PZ0444,23,110,51,0.05
PZ0445,11,74,16,0.12
PZ0446,14,105,12,0.11
PZ0447,15,72,55,0.11
PZ0448,12,19,19,0.09
PZ0449,0,23,53,0.0
PZ0450,31,18,80,0.06
PZ0451,20,101,62,0.05
PZ0452,35,110,72,0.04
PZ0453,6,89,20,0.12
PZ0454,16,61,80,0.07
PZ0455,21,34,46,0.05
PZ0456,35,120,32,0.05
PZ0457,26,16,44,0.07
PZ0458,12,74,73,0.1
PZ0459,34,23,36,0.05
PZ0460,32,63,57,0.07
PZ0461,24,79,36,0.05
PZ0462,9,112,21,0.1
PZ0463,21,54,80,0.06
PZ0464,25,109,9,0.04
PZ0465,21,30,40,0.05
PZ0466,18,91,34,0.1
PZ0467,25,35,56,0.06
PZ0468,23,96,75,0.06
PZ0469,28,53,21,0.05
PZ0470,1,17,30,0.25
PZ0471,5,27,21,0.14
PZ0472,6,9,60,0.15
PZ0473,1,99,50,0.24
PZ0474,5,14,33,0.16
PZ0475,5,84,49,0.14
PZ0476,15,95,36,0.09
PZ0477,8,17,67,0.17
PZ0478,1,5,84,0.23
PZ0479,20,111,60,0.05
PZ0480,34,120,34,0.06
PZ0481,8,90,69,0.13
PZ0482,29,81,81,0.07
PZ0483,27,68,81,0.06
PZ0484,19,117,44,0.05
PZ0485,14,104,11,0.09
PZ0486,23,53,33,0.04
PZ0487,0,1,66,0.0
PZ0488,8,45,36,0.15
PZ0489,0,89,62,0.0
PZ0490,30,39,1,0.06
PZ0491,18,77,29,0.11
PZ0492,35,48,24,0.05
PZ0493,35,56,50,0.05
PZ0494,24,107,48,0.05
PZ0495,5,55,80,0.13
PZ0496,17,37,83,0.11
PZ0497,17,53,24,0.11
PZ0498,11,18,37,0.08
PZ0499,29,80,57,0.05
PZ0500,31,25,41,0.04
PZ0501,3,69,2,0.21
PZ0502,6,37,34,0.13
PZ0503,28,94,1,0.05
PZ0504,9,2,63,0.08
PZ0505,26,40,63,0.07
PZ0506,29,90,4,0.05
PZ0507,9,8,34,0.11
PZ0508,4,70,60,0.13
PZ0509,16,105,48,0.11
PZ0510,7,99,31,0.14
PZ0511,28,32,4,0.05
PZ0512,6,67,85,0.18
PZ0513,30,50,87,0.07
PZ0514,20,21,80,0.06
PZ0515,35,67,15,0.05
PZ0516,19,26,46,0.07
PZ0517,13,15,30,0.1
PZ0518,20,2,21,0.06
PZ0519,7,51,31,0.12
PZ0520,2,75,88,0.24
PZ0521,9,48,11,0.08
PZ0522,31,12,87,0.06
PZ0523,3,8,45,0.25
PZ0524,34,102,13,0.04
PZ0525,14,41,71,0.11
PZ0526,22,104,56,0.06
PZ0527,1,89,48,0.23
PZ0528,8,33,5,0.15
PZ0529,28,72,37,0.06
PZ0530,31,25,72,0.05
PZ0531,22,42,59,0.05
PZ0532,35,21,8,0.06
PZ0533,28,38,33,0.06
PZ0534,29,1,81,0.06
PZ0535,11,114,2,0.1
PZ0536,23,100,79,0.05
PZ0537,4,85,68,0.17
PZ0538,12,68,87,0.09
PZ0539,35,20,78,0.05
PZ0540,26,83,41,0.04
PZ0541,33,85,8,0.04
PZ0542,8,23,4,0.13
PZ0543,31,25,12,0.04
PZ0544,24,85,62,0.06
PZ0545,16,7,46,0.08
PZ0546,4,2,26,0.16
PZ0547,5,60,81,0.12
PZ0548,35,96,53,0.06
PZ0549,3,106,78,0.22
PZ0550,2,94,9,0.27
PZ0551,4,28,66,0.13
PZ0552,14,69,49,0.08
PZ0553,33,85,31,0.06
PZ0554,11,72,71,0.09
PZ0555,6,99,81,0.15
PZ0556,29,90,85,0.05
PZ0557,6,22,23,0.15
PZ0558,32,44,84,0.04
PZ0559,28,120,45,0.07
PZ0560,35,42,47,0.05
PZ0561,27,106,41,0.06
PZ0562,34,28,48,0.06
PZ0563,16,47,57,0.09
PZ0564,25,1,4,0.07
PZ0565,1,67,17,0.28
PZ0566,19,1,38,0.07
PZ0567,13,110,40,0.07
PZ0568,17,118,70,0.1
PZ0569,9,13,4,0.09
PZ0570,9,18,33,0.09
PZ0571,15,30,32,0.11
PZ0572,5,74,51,0.15
PZ0573,13,94,9,0.11
PZ0574,30,23,62,0.06
PZ0575,6,77,82,0.14
PZ0576,24,11,7,0.07
PZ0577,21,45,55,0.05
PZ0578,7,112,29,0.16
PZ0579,0,82,80,0.0
PZ0580,24,7,39,0.06
PZ0581,20,70,72,0.04
PZ0582,32,90,28,0.04
PZ0583,25,58,76,0.06
PZ0584,5,29,55,0.14
PZ0585,25,19,16,0.05
PZ0586,30,74,6,0.06
PZ0587,16,11,51,0.1
PZ0588,8,98,17,0.15
PZ0589,12,63,50,0.1
PZ0590,12,72,78,0.12
PZ0591,33,32,31,0.04
PZ0592,27,42,87,0.07
PZ0593,5,15,85,0.14
PZ0594,23,45,24,0.05
PZ0595,1,99,39,0.21
PZ0596,22,79,56,0.06
PZ0597,28,6,29,0.05
PZ0598,23,20,10,0.04
PZ0599,3,32,79,0.27
PZ0600,18,2,43,0.1
PZ0601,7,40,57,0.15
PZ0602,21,27,68,0.05
PZ0603,34,67,33,0.06
PZ0604,9,89,89,0.1
PZ0605,24,75,84,0.06
PZ0606,16,22,7,0.08
PZ0607,17,7,59,0.1
PZ0608,0,9,49,0.0
PZ0609,17,85,84,0.09
PZ0610,6,3,37,0.17
PZ0611,24,30,48,0.06
PZ0612,6,116,40,0.15
PZ0613,34,12,23,0.05
PZ0614,29,72,2,0.04
PZ0615,33,40,42,0.05
PZ0616,10,3,44,0.1
PZ0617,22,81,38,0.05
PZ0618,32,36,7,0.06
PZ0619,24,114,3,0.07
PZ0620,17,29,19,0.09
PZ0621,25,85,17,0.04
PZ0622,24,67,86,0.06
PZ0623,14,54,30,0.1
PZ0624,27,40,77,0.05
PZ0625,34,17,26,0.06
PZ0626,34,88,25,0.07
PZ0627,19,89,90,0.07
PZ0628,8,56,18,0.16
PZ0629,10,41,8,0.1
PZ0630,7,24,40,0.17
PZ0631,9,94,3,0.11
PZ0632,26,53,38,0.05
PZ0633,17,20,24,0.08
PZ0634,11,4,78,0.1
PZ0635,14,77,29,0.08
PZ0636,1,46,10,0.26
PZ0637,30,18,64,0.07
PZ0638,30,92,83,0.05
PZ0639,24,63,60,0.04
PZ0640,12,29,4,0.09
PZ0641,0,119,34,0.0
PZ0642,26,29,85,0.07
PZ0643,13,9,22,0.12
PZ0644,28,111,78,0.05
PZ0645,20,111,58,0.07
PZ0646,27,52,5,0.06
PZ0647,24,93,40,0.05
PZ0648,34,68,82,0.07
PZ0649,2,67,13,0.24
PZ0650,2,113,31,0.24
PZ0651,25,95,5,0.06
PZ0652,33,98,80,0.07
PZ0653,12,38,56,0.09
PZ0654,19,100,36,0.05
PZ0655,27,38,78,0.07
PZ0656,33,116,18,0.05
PZ0657,28,12,64,0.04
PZ0658,34,18,50,0.05
PZ0659,28,4,22,0.05
PZ0660,12,113,58,0.07
PZ0661,20,89,83,0.07
PZ0662,10,92,15,0.07
PZ0663,28,82,46,0.04
PZ0664,24,94,65,0.06
PZ0665,10,49,70,0.09
PZ0666,10,117,42,0.1
PZ0667,9,21,18,0.08
PZ0668,3,54,39,0.22
PZ0669,28,37,80,0.05
PZ0670,8,26,0,0.16
PZ0671,16,2,58,0.09
PZ0672,31,70,0,0.06
PZ0673,31,31,27,0.06
PZ0674,30,59,52,0.05
PZ0675,0,32,70,0.0
PZ0676,17,80,80,0.1
PZ0677,13,7,23,0.08
PZ0678,22,5,18,0.07
PZ0679,19,43,11,0.04
PZ0680,26,23,20,0.06
PZ0681,35,23,58,0.06
PZ0682,23,120,4,0.04
PZ0683,19,42,47,0.07
PZ0684,4,98,54,0.17
PZ0685,4,38,60,0.13
PZ0686,17,43,67,0.09
PZ0687,13,90,26,0.1
PZ0688,6,74,80,0.15
PZ0689,5,62,88,0.16
PZ0690,18,55,77,0.11
PZ0691,16,68,73,0.12
PZ0692,22,119,16,0.06
PZ0693,31,67,80,0.05
PZ0694,11,114,78,0.08
PZ0695,18,25,0,0.08
PZ0696,29,81,15,0.06
PZ0697,13,103,78,0.12
PZ0698,26,6,42,0.05
PZ0699,13,2,81,0.08
PZ0700,18,33,8,0.09
PZ0701,32,71,41,0.06
PZ0702,7,88,42,0.14
PZ0703,1,107,22,0.22
PZ0704,21,119,86,0.05
PZ0705,30,103,4,0.06
PZ0706,30,20,80,0.05
PZ0707,34,115,42,0.05
PZ0708,26,119,7,0.07
PZ0709,19,73,86,0.05
PZ0710,34,3,26,0.06
PZ0711,21,103,45,0.04
PZ0712,9,36,3,0.09
PZ0713,24,81,68,0.07
PZ0714,24,24,76,0.04
PZ0715,19,91,40,0.06
PZ0716,17,53,11,0.09
PZ0717,15,48,57,0.11
PZ0718,19,28,67,0.05
PZ0719,7,48,4,0.17
PZ0720,5,57,64,0.12
PZ0721,30,116,64,0.04
PZ0722,21,119,61,0.06
PZ0723,33,40,41,0.04
PZ0724,6,106,66,0.16
PZ0725,8,27,4,0.15
PZ0726,33,15,0,0.05
PZ0727,2,88,76,0.27
PZ0728,21,60,5,0.04
PZ0729,19,3,73,0.06
PZ0730,13,42,25,0.08
PZ0731,17,69,40,0.11
PZ0732,7,35,19,0.13
PZ0733,7,2,79,0.15
PZ0734,6,27,69,0.14
PZ0735,20,35,18,0.07
PZ0736,18,74,31,0.08
PZ0737,19,79,43,0.06
PZ0738,3,17,3,0.24
PZ0739,3,14,49,0.2
PZ0740,27,51,22,0.06
PZ0741,28,79,45,0.05
PZ0742,12,92,85,0.11
PZ0743,5,119,59,0.15
PZ0744,5,105,89,0.15
PZ0745,29,40,87,0.06
PZ0746,29,61,29,0.07
PZ0747,9,111,78,0.08
PZ0748,23,51,23,0.06
PZ0749,21,101,41,0.05
PZ0750,1,9,60,0.21
PZ0751,30,60,21,0.05
PZ0752,22,78,73,0.04
PZ0753,6,52,13,0.14
PZ0754,4,102,38,0.15
PZ0755,25,76,52,0.05
PZ0756,15,71,20,0.12
PZ0757,24,9,43,0.05
PZ0758,27,101,55,0.06
PZ0759,21,70,88,0.05
PZ0760,4,95,73,0.17
PZ0761,7,76,76,0.15
PZ0762,35,13,56,0.05
PZ0763,25,9,76,0.04
PZ0764,24,42,63,0.06
PZ0765,3,12,27,0.27
PZ0766,0,97,18,0.0
PZ0767,9,58,68,0.08
PZ0768,28,26,26,0.06
PZ0769,20,39,72,0.06
PZ0770,19,118,55,0.06
PZ0771,22,12,74,0.04
PZ0772,32,52,16,0.07
PZ0773,3,48,70,0.28
PZ0774,0,91,71,0.0
PZ0775,22,15,36,0.07
PZ0776,15,56,89,0.1
PZ0777,20,92,48,0.05
PZ0778,27,70,27,0.06
PZ0779,30,18,24,0.06
PZ0780,23,108,53,0.04
PZ0781,8,18,1,0.12
PZ0782,1,19,62,0.25
PZ0783,8,11,17,0.16
PZ0784,26,111,58,0.07
PZ0785,27,80,23,0.05
PZ0786,27,71,57,0.05
PZ0787,14,24,54,0.1
PZ0788,31,109,30,0.06
PZ0789,17,53,69,0.1
PZ0790,2,5,72,0.24
PZ0791,23,15,74,0.05
PZ0792,5,19,67,0.18
PZ0793,17,60,66,0.07
PZ0794,5,32,60,0.16
PZ0795,4,88,81,0.15
PZ0796,19,79,6,0.07
PZ0797,34,100,1,0.05
PZ0798,32,116,60,0.06
PZ0799,21,54,45,0.07
PZ0800,18,38,21,0.07
PZ0801,19,94,72,0.05
PZ0802,30,75,21,0.06
PZ0803,18,104,79,0.07
PZ0804,31,11,16,0.06
PZ0805,17,33,16,0.1
PZ0806,17,110,32,0.07
PZ0807,7,78,22,0.17
PZ0808,9,85,57,0.09
PZ0809,11,34,89,0.08
PZ0810,11,103,67,0.11
PZ0811,21,11,18,0.06
PZ0812,9,108,63,0.11
PZ0813,26,99,49,0.05
PZ0814,28,93,81,0.05
PZ0815,22,7,82,0.05
PZ0816,7,7,21,0.15
PZ0817,30,39,60,0.06
PZ0818,34,30,48,0.06
PZ0819,24,61,33,0.04
PZ0820,27,2,36,0.07
PZ0821,28,49,86,0.05
PZ0822,33,88,5,0.04
PZ0823,34,82,45,0.07
PZ0824,27,79,83,0.07
PZ0825,21,35,34,0.06
PZ0826,16,84,74,0.09
PZ0827,15,94,86,0.1
PZ0828,12,67,43,0.1
PZ0829,11,41,70,0.07
PZ0830,0,107,8,0.0
PZ0831,0,53,12,0.0
PZ0832,33,14,87,0.05
PZ0833,14,93,36,0.08
PZ0834,2,4,79,0.21
PZ0835,13,77,81,0.08
PZ0836,7,12,77,0.13
PZ0837,11,115,14,0.1
PZ0838,16,38,59,0.1
PZ0839,4,82,58,0.18
PZ0840,17,99,54,0.1
PZ0841,20,33,20,0.06
PZ0842,17,100,7,0.09
PZ0843,21,8,33,0.07
PZ0844,16,23,56,0.07
PZ0845,12,79,50,0.08
PZ0846,31,14,18,0.06
PZ0847,27,28,78,0.06
PZ0848,28,92,33,0.04
PZ0849,4,10,73,0.16
PZ0850,28,3,63,0.04
PZ0851,0,120,4,0.0
PZ0852,24,35,19,0.06
PZ0853,25,74,0,0.06
PZ0854,31,62,55,0.05
PZ0855,4,70,28,0.12
PZ0856,30,16,72,0.06
PZ0857,22,43,87,0.05
PZ0858,3,81,82,0.21
PZ0859,34,110,43,0.04
PZ0860,29,98,37,0.06
PZ0861,11,71,5,0.12
PZ0862,12,39,89,0.09
PZ0863,6,81,88,0.14
PZ0864,5,114,80,0.15
PZ0865,12,18,4,0.08
PZ0866,15,63,49,0.07
PZ0867,34,83,39,0.05
PZ0868,28,3,4,0.05
PZ0869,21,101,5,0.05
PZ0870,13,104,83,0.1
PZ0871,29,87,68,0.04
PZ0872,14,119,9,0.07
PZ0873,9,63,83,0.07
PZ0874,2,32,89,0.25
PZ0875,0,23,80,0.0
PZ0876,3,116,39,0.27
PZ0877,6,59,78,0.13
PZ0878,4,105,13,0.13
PZ0879,14,9,25,0.09
PZ0880,25,42,15,0.07
PZ0881,34,18,41,0.07
PZ0882,13,98,5,0.1
PZ0883,21,9,15,0.05
PZ0884,26,22,89,0.05
PZ0885,10,57,31,0.12
PZ0886,2,18,12,0.26
PZ0887,24,100,20,0.04
PZ0888,31,11,0,0.04
PZ0889,5,91,83,0.16
PZ0890,18,54,88,0.11
PZ0891,30,89,16,0.05
PZ0892,17,67,57,0.09
PZ0893,11,79,88,0.07
PZ0894,11,92,63,0.1
PZ0895,5,81,38,0.14
PZ0896,0,72,30,0.0
PZ0897,12,16,67,0.12
PZ0898,23,111,69,0.06
PZ0899,29,99,80,0.06
PZ0900,17,7,24,0.08
PZ0901,9,88,60,0.09
PZ0902,10,86,5,0.07
PZ0903,23,37,26,0.05
PZ0904,21,79,58,0.04
PZ0905,3,119,68,0.21
PZ0906,1,63,65,0.21
PZ0907,15,93,56,0.1
PZ0908,20,54,25,0.06
PZ0909,20,30,14,0.05
PZ0910,6,31,52,0.17
PZ0911,24,115,28,0.04
PZ0912,31,7,55,0.04
PZ0913,29,23,49,0.05
PZ0914,29,93,24,0.06
PZ0915,17,26,42,0.08
PZ0916,3,36,17,0.21
PZ0917,29,59,53,0.05
PZ0918,21,29,37,0.06
PZ0919,10,74,70,0.11
PZ0920,5,53,66,0.15
PZ0921,13,76,60,0.11
PZ0922,17,2,54,0.11
PZ0923,15,32,41,0.09
PZ0924,14,115,75,0.12
PZ0925,0,54,5,0.0
PZ0926,2,61,64,0.2
PZ0927,33,51,61,0.06
PZ0928,6,58,63,0.13
PZ0929,35,97,1,0.06
PZ0930,26,28,16,0.05
PZ0931,15,83,11,0.07
PZ0932,19,21,90,0.05
PZ0933,1,59,59,0.26
PZ0934,25,24,47,0.06
PZ0935,0,111,80,0.0
PZ0936,4,50,88,0.14
PZ0937,2,38,54,0.26
PZ0938,34,74,26,0.06
PZ0939,5,80,42,0.16
PZ0940,3,66,86,0.23
PZ0941,3,15,49,0.23
PZ0942,2,47,46,0.21
PZ0943,35,91,8,0.06
PZ0944,13,18,42,0.08
PZ0945,7,84,61,0.16
PZ0946,13,97,28,0.09
PZ0947,17,65,87,0.09
PZ0948,3,9,47,0.23
PZ0949,31,65,67,0.06
PZ0950,30,91,68,0.06
PZ0951,34,116,37,0.05
PZ0952,23,103,86,0.07
PZ0953,4,25,58,0.13
PZ0954,25,115,22,0.05
PZ0955,4,14,21,0.14
PZ0956,9,64,19,0.11
PZ0957,33,81,2,0.05
PZ0958,34,120,16,0.05
PZ0959,26,57,82,0.04
PZ0960,12,9,2,0.11
PZ0961,14,107,66,0.1
PZ0962,26,75,43,0.06
PZ0963,20,63,75,0.06
PZ0964,33,108,70,0.05
PZ0965,19,73,16,0.07
PZ0966,19,22,33,0.05
PZ0967,23,37,6,0.04
PZ0968,18,59,21,0.1
PZ0969,10,92,68,0.08
PZ0970,11,108,90,0.1
PZ0971,9,21,30,0.08
PZ0972,20,74,16,0.05
PZ0973,23,24,26,0.06
PZ0974,2,86,40,0.28
PZ0975,9,48,57,0.1
PZ0976,10,69,38,0.08
PZ0977,1,52,63,0.26
PZ0978,29,119,40,0.04
PZ0979,34,65,42,0.06
PZ0980,18,61,37,0.12
PZ0981,9,103,72,0.11
PZ0982,28,44,88,0.04
PZ0983,30,116,5,0.04
PZ0984,35,15,39,0.04
PZ0985,14,58,45,0.07
PZ0986,3,78,82,0.22
PZ0987,33,29,35,0.05
PZ0988,5,69,57,0.16
PZ0989,5,66,50,0.13
PZ0990,20,78,77,0.06
PZ0991,3,117,85,0.23
PZ0992,9,92,54,0.09
PZ0993,23,2,36,0.05
PZ0994,19,58,71,0.04
PZ0995,28,95,53,0.06
PZ0996,18,21,54,0.11
PZ0997,26,18,75,0.06
PZ0998,9,27,38,0.09
PZ0999,33,43,8,0.07
PZ1000,24,12,0,0.05